timestamp,profile,voltage_v,soc_pct,soh_pct,rms_v,p2p_v,dv_dt_mvs,snr_db,skewness,kurtosis,crest_factor,centroid_hz,flatness,rolloff_hz
1787456153.61,SUPERCAP,0.234,26.3,N/A,0.767,2.5813,74.004,0.0,8.83,10.5,0.3987
1787456154.89,SUPERCAP,0.334,26.3,N/A,0.916,2.5968,74.264,0.0,5.66,10.0,0.3813
1787456156.16,SUPERCAP,0.427,26.3,N/A,1.036,2.5994,75.795,0.0,4.09,9.9,0.3776
1787456157.41,SUPERCAP,0.519,26.3,N/A,1.142,2.6767,73.368,0.0,3.11,9.7,0.3701
1787456158.69,SUPERCAP,0.612,26.3,N/A,1.24,2.6767,72.824,0.0,2.44,9.7,0.3693
1787456159.95,SUPERCAP,0.703,26.3,N/A,1.33,2.6767,72.515,0.0,1.97,9.8,0.3798
1787456161.19,SUPERCAP,0.795,26.3,N/A,1.414,2.6767,73.337,0.0,1.63,9.7,0.3744
1787456162.45,SUPERCAP,0.896,26.3,N/A,1.5,2.6767,73.765,0.0,1.36,9.6,0.361
1787456163.71,SUPERCAP,0.988,26.3,N/A,1.575,2.6767,73.147,0.0,1.2,9.5,0.378
1787456164.95,SUPERCAP,1.08,26.3,N/A,1.648,2.6922,73.875,0.0,1.08,9.5,0.3651
1787456166.2,SUPERCAP,1.173,26.3,N/A,1.717,2.6922,74.305,0.0,1.02,9.8,0.3878
1787456167.45,SUPERCAP,1.265,26.3,N/A,1.784,2.6922,74.262,0.1,1.0,10.6,0.4011
1787456168.69,SUPERCAP,1.358,26.3,N/A,1.848,2.6922,74.388,0.7,1.03,9.8,0.3959
1787456169.93,SUPERCAP,1.451,26.3,N/A,1.911,2.6922,74.809,1.3,1.1,9.5,0.3677
1787456171.19,SUPERCAP,1.543,26.3,N/A,1.971,2.6922,74.53,2.0,1.22,9.8,0.3862
1787456172.44,SUPERCAP,1.635,26.3,N/A,2.028,2.6922,73.591,2.7,1.4,9.7,0.3782
1787456173.69,SUPERCAP,1.727,26.3,N/A,2.084,2.6922,73.77,3.4,1.65,9.9,0.3806
1787456174.93,SUPERCAP,1.819,26.3,N/A,2.14,2.6922,73.822,4.2,1.99,10.0,0.3916
1787456176.21,SUPERCAP,1.912,26.2,N/A,2.194,2.6922,73.707,5.0,2.48,10.2,0.4038
1787456177.49,SUPERCAP,2.013,26.2,N/A,2.251,2.7232,75.612,6.0,3.24,10.6,0.387
1787456178.77,SUPERCAP,2.106,26.3,N/A,2.303,2.7232,75.221,7.1,4.29,10.3,0.3922
1787456180.03,SUPERCAP,2.199,26.3,N/A,2.354,2.7232,73.155,8.4,5.99,10.7,0.4241
1787456181.32,SUPERCAP,2.3,26.3,N/A,2.407,2.7232,75.943,10.2,9.51,11.4,0.4446
1787456182.6,SUPERCAP,2.392,26.3,N/A,2.455,2.7232,75.293,12.7,17.64,12.3,0.4727
1787456183.88,SUPERCAP,2.484,26.3,N/A,2.501,2.7232,74.765,18.5,67.0,16.2,0.6321
1787456185.17,SUPERCAP,2.518,26.3,N/A,2.519,0.3301,53.413,32.1,3.3,26.0,0.7056
1787456186.48,SUPERCAP,2.518,26.3,N/A,2.519,0.3301,24.104,31.9,3.15,26.4,0.7183
1787456187.79,SUPERCAP,2.518,26.3,N/A,2.519,0.3301,0.317,31.9,3.09,26.6,0.7078
1787456189.09,SUPERCAP,2.518,26.3,N/A,2.519,0.3301,0.301,31.8,3.1,26.3,0.7142
1787456190.34,SUPERCAP,2.519,26.3,N/A,2.519,0.3301,0.239,31.7,3.08,26.1,0.6983
1787456191.58,SUPERCAP,2.518,26.3,N/A,2.519,0.3301,-0.198,31.7,3.08,26.3,0.6867
1787456192.88,SUPERCAP,2.518,26.3,N/A,2.519,0.3301,-0.191,31.7,3.08,26.3,0.7107
1787456194.15,SUPERCAP,2.519,26.3,N/A,2.52,0.3301,0.14,31.7,3.1,26.1,0.7047
1787456195.42,SUPERCAP,2.52,26.3,N/A,2.521,0.3301,0.44,31.6,3.06,26.5,0.7245
1787456196.89,SUPERCAP,2.521,26.3,N/A,2.522,0.3301,0.515,31.6,3.13,26.4,0.7005
1787456198.42,SUPERCAP,2.521,26.3,N/A,2.522,0.3301,0.444,31.5,3.13,26.5,0.7237
1787456199.98,SUPERCAP,2.521,26.3,N/A,2.522,0.3301,0.184,31.6,3.17,26.5,0.7175
1787456201.54,SUPERCAP,2.521,26.3,N/A,2.521,0.3301,-0.225,31.6,3.17,26.3,0.6718
1787456203.14,SUPERCAP,2.52,26.2,N/A,2.521,0.3301,-0.245,31.5,3.2,26.6,0.7226
1787456204.8,SUPERCAP,2.52,26.2,N/A,2.521,0.3301,-0.082,31.6,3.35,26.5,0.6859
1787456206.38,SUPERCAP,2.521,26.2,N/A,2.522,0.3301,0.202,31.5,3.19,26.6,0.6923
1787456207.9,SUPERCAP,2.522,26.2,N/A,2.523,0.3301,0.698,31.5,3.2,26.4,0.6792
1787456209.39,SUPERCAP,2.521,26.2,N/A,2.522,0.3301,0.371,31.5,3.28,26.2,0.6886
1787456210.91,SUPERCAP,2.521,26.3,N/A,2.522,0.3301,-0.086,31.5,3.3,26.4,0.7175
1787456212.39,SUPERCAP,2.521,26.2,N/A,2.521,0.3301,-0.381,31.7,3.26,27.1,0.7173
1787456213.87,SUPERCAP,2.519,26.2,N/A,2.52,0.3301,-0.442,31.9,3.3,27.1,0.7109
1787456215.4,SUPERCAP,2.519,26.2,N/A,2.52,0.3301,-0.72,31.9,3.38,27.1,0.7251
1787456217.18,SUPERCAP,2.52,26.2,N/A,2.52,0.3223,-0.291,31.8,3.45,26.9,0.7005
1787456218.69,SUPERCAP,2.519,26.2,N/A,2.52,0.3223,0.082,31.9,3.48,26.6,0.699
1787456220.25,SUPERCAP,2.518,26.2,N/A,2.519,0.3223,-0.231,32.1,3.6,26.7,0.7168
1787456221.82,SUPERCAP,2.518,26.2,N/A,2.519,0.3223,-0.335,32.1,3.63,26.5,0.7224
1787456223.39,SUPERCAP,2.516,26.2,N/A,2.517,0.3223,-0.442,32.3,3.8,26.9,0.7055
1787456224.95,SUPERCAP,2.516,26.2,N/A,2.516,0.3223,-0.608,32.3,3.76,26.7,0.7277
1787456226.49,SUPERCAP,2.516,26.2,N/A,2.517,0.3223,-0.227,32.3,3.74,26.5,0.7144
1787456228.17,SUPERCAP,2.514,26.2,N/A,2.515,0.3223,-0.436,32.5,3.92,26.6,0.729
1787456229.77,SUPERCAP,2.513,26.2,N/A,2.514,0.3223,-0.874,32.6,4.03,26.3,0.7248
1787456231.33,SUPERCAP,2.514,26.2,N/A,2.514,0.3223,-0.437,32.6,3.95,26.2,0.7311
1787456232.96,SUPERCAP,2.514,26.2,N/A,2.514,0.3223,-0.103,32.6,3.95,26.2,0.7311
1787456234.56,SUPERCAP,2.514,26.2,N/A,2.514,0.3223,0.0,32.6,3.95,26.2,0.7311
1787456236.16,SUPERCAP,2.514,26.2,N/A,2.514,0.3223,0.0,32.6,3.95,26.2,0.7311
1787456237.76,SUPERCAP,2.514,26.2,N/A,2.514,0.3223,0.0,32.6,3.95,26.2,0.7311
1787456239.45,SUPERCAP,2.514,26.2,N/A,2.514,0.3223,0.0,32.6,3.95,26.2,0.7311
1787456241.08,SUPERCAP,2.514,26.2,N/A,2.514,0.3223,0.0,32.6,3.95,26.2,0.7311
1787456242.62,SUPERCAP,2.514,26.2,N/A,2.514,0.3223,0.0,32.6,3.95,26.2,0.7311
1787456244.27,SUPERCAP,2.514,26.2,N/A,2.514,0.3223,0.0,32.6,3.95,26.2,0.7311
1787456245.81,SUPERCAP,2.514,26.2,N/A,2.514,0.3223,0.0,32.6,3.95,26.2,0.7311
1787456247.39,SUPERCAP,2.514,26.2,N/A,2.514,0.3223,0.0,32.6,3.95,26.2,0.7311
1787456248.93,SUPERCAP,2.514,26.2,N/A,2.514,0.3223,0.0,32.6,3.95,26.2,0.7311
1787456250.44,SUPERCAP,2.514,26.2,N/A,2.514,0.3223,0.0,32.6,3.95,26.2,0.7311
1787456252.07,SUPERCAP,2.514,26.2,N/A,2.514,0.3223,0.0,32.6,3.95,26.2,0.7311
1787456253.65,SUPERCAP,2.514,26.2,N/A,2.514,0.3223,0.0,32.6,3.95,26.2,0.7311
1787456255.22,SUPERCAP,2.514,26.2,N/A,2.514,0.3223,0.0,32.6,3.95,26.2,0.7311
1787456256.75,SUPERCAP,2.514,26.2,N/A,2.514,0.3223,0.0,32.6,3.95,26.2,0.7311
1787456258.32,SUPERCAP,2.514,26.2,N/A,2.514,0.3223,0.0,32.6,3.95,26.2,0.7311
1787456259.87,SUPERCAP,2.514,26.2,N/A,2.514,0.3223,0.0,32.6,3.95,26.2,0.7311
1787456261.39,SUPERCAP,2.514,26.2,N/A,2.514,0.3223,0.0,32.6,3.95,26.2,0.7311
1787456262.99,SUPERCAP,2.514,26.2,N/A,2.514,0.3223,0.0,32.6,3.95,26.2,0.7311
1787456264.56,SUPERCAP,2.514,26.2,N/A,2.514,0.3223,0.0,32.6,3.95,26.2,0.7311
1787456266.13,SUPERCAP,2.514,26.2,N/A,2.514,0.3223,0.0,32.6,3.95,26.2,0.7311
1787456267.79,SUPERCAP,2.514,26.2,N/A,2.514,0.3223,0.0,32.6,3.95,26.2,0.7311
1787456269.39,SUPERCAP,2.514,26.2,N/A,2.514,0.3223,0.0,32.6,3.95,26.2,0.7311
1787456270.94,SUPERCAP,2.514,26.2,N/A,2.514,0.3223,0.0,32.6,3.95,26.2,0.7311
1787456272.49,SUPERCAP,2.514,26.2,N/A,2.514,0.3223,0.0,32.6,3.95,26.2,0.7311
1787456274.09,SUPERCAP,2.514,26.2,N/A,2.514,0.3223,0.0,32.6,3.95,26.2,0.7311
1787456275.74,9V_BATT,2.558,72.2,N/A,2.615,6.9162,11.236,13.4,144.88,18.6,0.7437
1787456277.33,9V_BATT,2.854,72.3,N/A,3.197,6.9162,86.02,5.9,16.83,11.9,0.4511
1787456278.9,9V_BATT,3.151,72.1,N/A,3.688,6.9162,164.504,4.3,8.13,10.8,0.408
1787456280.43,9V_BATT,3.448,71.9,N/A,4.121,6.9162,188.578,3.7,5.01,10.6,0.4137
1787456282.06,9V_BATT,3.743,71.8,N/A,4.509,6.9162,185.625,3.5,3.43,10.2,0.3929
1787456283.7,9V_BATT,4.06,71.6,N/A,4.894,6.9162,185.907,3.4,2.44,9.9,0.3701
1787456285.39,9V_BATT,4.376,71.6,N/A,5.248,6.9162,186.414,3.6,1.84,9.8,0.3915
1787456287.0,9V_BATT,4.67,71.6,N/A,5.557,6.9652,186.717,3.8,1.47,10.0,0.3821
1787456288.57,9V_BATT,4.965,71.6,N/A,5.852,6.9652,188.296,4.1,1.23,10.0,0.3762
1787456290.11,9V_BATT,5.261,71.7,N/A,6.133,6.9652,191.331,4.5,1.08,10.1,0.3893
1787456291.65,9V_BATT,5.536,71.7,N/A,6.383,6.9652,188.627,4.8,1.02,10.1,0.3845
1787456293.25,9V_BATT,5.832,71.6,N/A,6.642,6.9652,187.0,5.3,1.02,10.2,0.3895
1787456294.8,9V_BATT,6.127,71.6,N/A,6.889,6.9652,185.82,5.8,1.09,10.1,0.3942
1787456296.36,9V_BATT,6.424,71.6,N/A,7.13,6.9549,186.952,6.3,1.23,10.2,0.3981
1787456297.89,9V_BATT,6.699,71.6,N/A,7.346,6.9446,183.645,6.9,1.46,10.4,0.42
1787456299.45,9V_BATT,6.997,71.6,N/A,7.573,6.9446,184.711,7.7,1.82,10.2,0.3919
1787456301.04,9V_BATT,7.294,71.6,N/A,7.794,6.9446,188.757,8.5,2.37,10.4,0.4071
1787456302.65,9V_BATT,7.612,71.6,N/A,8.022,7.0091,191.316,9.6,3.31,10.6,0.3959
1787456304.29,9V_BATT,7.909,71.6,N/A,8.23,7.0091,186.337,10.8,4.79,10.8,0.4163
1787456305.82,9V_BATT,8.208,71.6,N/A,8.435,6.9962,192.199,12.5,7.67,11.7,0.4567
1787456307.41,9V_BATT,8.505,71.6,N/A,8.633,6.9936,192.9,15.2,15.23,12.6,0.4889
1787456308.99,9V_BATT,8.802,71.6,N/A,8.826,6.9368,192.189,22.5,82.65,18.2,0.7037
1787456310.49,9V_BATT,8.862,71.6,N/A,8.864,0.8922,133.325,33.6,2.94,27.1,0.6021
1787456312.01,9V_BATT,8.863,71.5,N/A,8.865,0.8922,56.682,33.5,2.91,26.7,0.6161
1787456313.55,9V_BATT,8.862,71.6,N/A,8.864,0.8922,-0.388,33.6,2.99,27.2,0.5973
1787456315.05,9V_BATT,8.864,71.5,N/A,8.866,0.8922,0.362,33.5,2.97,27.1,0.6164
1787456316.61,9V_BATT,8.864,71.5,N/A,8.866,0.8922,0.412,33.4,3.04,27.6,0.625
1787456318.22,9V_BATT,8.865,71.5,N/A,8.867,0.8922,0.311,33.4,3.02,27.8,0.6106
1787456319.96,9V_BATT,8.865,71.5,N/A,8.867,0.8922,-0.06,33.4,2.96,27.5,0.6311
1787456322.08,9V_BATT,8.867,71.4,N/A,8.869,0.8484,0.632,33.6,2.9,27.4,0.6091
1787456323.67,9V_BATT,8.868,71.4,N/A,8.87,0.8484,0.674,33.7,2.89,27.3,0.613
1787456325.22,9V_BATT,8.868,71.4,N/A,8.869,0.8484,0.412,33.9,2.93,27.1,0.5945
1787456326.9,9V_BATT,8.868,71.4,N/A,8.87,0.8484,0.579,33.8,2.92,27.1,0.6463
1787456328.52,9V_BATT,8.87,71.4,N/A,8.872,0.8484,0.804,33.7,2.89,27.5,0.6347
1787456330.16,9V_BATT,8.871,71.5,N/A,8.873,0.8484,0.626,33.6,2.85,27.6,0.6157
1787456331.73,9V_BATT,8.871,71.5,N/A,8.873,0.8484,-0.132,33.5,2.9,27.3,0.6079
1787456333.39,9V_BATT,8.87,71.4,N/A,8.872,0.8484,-0.344,33.5,2.91,27.2,0.6145
1787456335.06,9V_BATT,8.869,71.4,N/A,8.871,0.8484,-0.355,33.6,2.88,27.3,0.6127
1787456336.63,9V_BATT,8.87,71.4,N/A,8.872,0.7968,-0.103,33.7,2.69,27.2,0.6238
1787456338.16,9V_BATT,8.869,71.4,N/A,8.871,0.7968,-0.184,33.8,2.73,27.6,0.6465
1787456339.89,9V_BATT,8.87,71.4,N/A,8.872,0.7968,0.429,33.9,2.65,27.7,0.6426
1787456341.19,9V_BATT,8.869,71.5,N/A,8.871,0.7968,-0.12,33.8,2.74,27.6,0.624
1787456342.43,9V_BATT,8.867,71.4,N/A,8.869,0.7968,-0.555,33.8,2.74,27.6,0.5969
1787456343.67,9V_BATT,8.867,71.5,N/A,8.869,0.7968,-0.72,33.6,2.7,27.5,0.6062
1787456344.92,9V_BATT,8.869,71.4,N/A,8.871,0.7994,0.313,33.5,2.59,27.2,0.6071
1787456346.19,9V_BATT,8.868,71.5,N/A,8.87,0.7994,0.719,33.5,2.59,27.3,0.6061
1787456347.47,9V_BATT,8.867,71.4,N/A,8.869,0.7994,-0.163,33.4,2.56,27.2,0.5996
1787456348.73,9V_BATT,8.868,71.4,N/A,8.87,0.7994,-0.166,33.5,2.5,27.4,0.6186
1787456350.0,9V_BATT,8.867,71.4,N/A,8.869,0.7994,-0.899,33.5,2.52,27.4,0.6257
1787456351.26,9V_BATT,8.866,71.4,N/A,8.867,0.7891,-0.59,33.7,2.47,27.5,0.6184
1787456352.57,9V_BATT,8.865,71.4,N/A,8.867,0.7891,-0.462,33.7,2.52,27.4,0.6102
1787456353.87,9V_BATT,8.863,71.4,N/A,8.865,0.802,-0.698,33.6,2.59,27.2,0.5988
1787456355.09,9V_BATT,8.863,71.5,N/A,8.865,0.802,-0.966,33.6,2.6,26.8,0.6409
1787456356.31,9V_BATT,8.863,71.4,N/A,8.865,0.967,-0.58,33.5,2.82,27.2,0.6197
1787456357.52,9V_BATT,8.863,71.4,N/A,8.865,0.967,-0.237,33.5,2.82,27.2,0.6197
1787456358.73,9V_BATT,8.863,71.4,N/A,8.865,0.967,-0.104,33.5,2.82,27.2,0.6197
1787456359.94,9V_BATT,8.863,71.4,N/A,8.865,0.967,0.0,33.5,2.82,27.2,0.6197
1787456361.14,9V_BATT,8.863,71.4,N/A,8.865,0.967,0.0,33.5,2.82,27.2,0.6197
1787456362.38,9V_BATT,8.863,71.4,N/A,8.865,0.967,0.0,33.5,2.82,27.2,0.6197
1787456363.82,9V_BATT,8.863,71.4,N/A,8.865,0.967,0.0,33.5,2.82,27.2,0.6197
1787456365.27,9V_BATT,8.863,71.4,N/A,8.865,0.967,0.0,33.5,2.82,27.2,0.6197
1787456366.74,9V_BATT,8.863,71.4,N/A,8.865,0.967,0.0,33.5,2.82,27.2,0.6197
1787456368.21,9V_BATT,8.863,71.4,N/A,8.865,0.967,0.0,33.5,2.82,27.2,0.6197
1787456369.69,9V_BATT,8.863,71.4,N/A,8.865,0.967,0.0,33.5,2.82,27.2,0.6197
1787456371.09,9V_BATT,8.863,71.4,N/A,8.865,0.967,0.0,33.5,2.82,27.2,0.6197
1787456372.47,9V_BATT,8.863,71.4,N/A,8.865,0.967,0.0,33.5,2.82,27.2,0.6197
1787456373.96,9V_BATT,8.863,71.4,N/A,8.865,0.967,0.0,33.5,2.82,27.2,0.6197
1787456375.34,9V_BATT,8.863,71.4,N/A,8.865,0.967,0.0,33.5,2.82,27.2,0.6197
1787456376.82,9V_BATT,8.863,71.4,N/A,8.865,0.967,0.0,33.5,2.82,27.2,0.6197
1787456378.28,9V_BATT,8.863,71.4,N/A,8.865,0.967,0.0,33.5,2.82,27.2,0.6197
1787456379.74,9V_BATT,8.863,71.4,N/A,8.865,0.967,0.0,33.5,2.82,27.2,0.6197
1787456381.21,9V_BATT,8.863,71.4,N/A,8.865,0.967,0.0,33.5,2.82,27.2,0.6197
1787456382.99,9V_BATT,8.863,71.4,N/A,8.865,0.967,0.0,33.5,2.82,27.2,0.6197
1787456384.52,9V_BATT,8.863,71.4,N/A,8.865,0.967,0.0,33.5,2.82,27.2,0.6197
1787456385.97,9V_BATT,8.863,71.4,N/A,8.865,0.967,0.0,33.5,2.82,27.2,0.6197
1787456387.45,9V_BATT,8.863,71.4,N/A,8.865,0.967,0.0,33.5,2.82,27.2,0.6197
1787456389.22,9V_BATT,8.863,71.4,N/A,8.865,0.967,0.0,33.5,2.82,27.2,0.6197
1787456390.68,9V_BATT,8.863,71.4,N/A,8.865,0.967,0.0,33.5,2.82,27.2,0.6197
1787456392.09,9V_BATT,8.863,71.4,N/A,8.865,0.967,0.0,33.5,2.82,27.2,0.6197
1787456393.5,9V_BATT,8.863,71.4,N/A,8.865,0.967,0.0,33.5,2.82,27.2,0.6197
1787456394.95,9V_BATT,8.863,71.4,N/A,8.865,0.967,0.0,33.5,2.82,27.2,0.6197
1787456396.35,9V_BATT,8.863,71.4,N/A,8.865,0.967,0.0,33.5,2.82,27.2,0.6197
1787456397.78,9V_BATT,8.863,71.4,N/A,8.865,0.967,0.0,33.5,2.82,27.2,0.6197
1787456399.26,9V_BATT,8.863,71.4,N/A,8.865,0.967,0.0,33.5,2.82,27.2,0.6197
1787456400.69,9V_BATT,8.863,71.4,N/A,8.865,0.967,0.0,33.5,2.82,27.2,0.6197
1787456402.09,9V_BATT,8.863,71.4,N/A,8.865,0.967,0.0,33.5,2.82,27.2,0.6197
1787456403.5,9V_BATT,8.863,71.4,N/A,8.865,0.967,0.0,33.5,2.82,27.2,0.6197
1787456404.95,9V_BATT,8.863,71.4,N/A,8.865,0.967,0.0,33.5,2.82,27.2,0.6197
1787456406.34,9V_BATT,8.863,71.4,N/A,8.865,0.967,0.0,33.5,2.82,27.2,0.6197
1787456407.76,9V_BATT,8.863,71.4,N/A,8.865,0.967,0.0,33.5,2.82,27.2,0.6197
1787456409.18,9V_BATT,8.863,71.4,N/A,8.865,0.967,0.0,33.5,2.82,27.2,0.6197
1787456410.57,9V_BATT,8.863,71.4,N/A,8.865,0.967,0.0,33.5,2.82,27.2,0.6197
1787456411.98,9V_BATT,8.863,71.4,N/A,8.865,0.967,0.0,33.5,2.82,27.2,0.6197
1787456413.39,9V_BATT,8.863,71.4,N/A,8.865,0.967,0.0,33.5,2.82,27.2,0.6197
1787456414.8,9V_BATT,8.863,71.4,N/A,8.865,0.967,0.0,33.5,2.82,27.2,0.6197
1787456416.24,9V_BATT,8.863,71.4,N/A,8.865,0.967,0.0,33.5,2.82,27.2,0.6197
1787456420.49,LI_ION,0.332,52.2,70.0,1.107,3.9874,-2479.285,0.0,9.65,10.8,0.4095
1787456421.88,LI_ION,0.495,54.6,70.0,1.357,3.9874,111.947,0.0,5.86,10.5,0.4041
1787456423.17,LI_ION,0.633,55.3,70.0,1.536,3.9874,110.594,0.0,4.21,10.0,0.332
1787456424.41,LI_ION,0.77,55.6,70.0,1.696,3.9874,112.01,0.0,3.18,10.1,0.3936
1787456425.68,LI_ION,0.907,55.7,70.0,1.841,3.9874,109.206,0.0,2.49,9.7,0.3662
1787456426.94,LI_ION,1.044,55.7,70.0,1.978,3.9874,109.039,0.0,2.0,9.8,0.3841
1787456428.21,LI_ION,1.182,55.7,70.0,2.105,3.9874,108.946,0.0,1.65,9.6,0.3722
1787456429.47,LI_ION,1.332,55.7,70.0,2.235,3.9874,113.059,0.0,1.38,9.6,0.3658
1787456430.75,LI_ION,1.47,55.6,70.0,2.348,3.9874,112.846,0.0,1.21,9.8,0.3753
1787456432.03,LI_ION,1.607,55.6,70.0,2.456,3.9874,107.789,0.0,1.09,9.6,0.3719
1787456433.31,LI_ION,1.757,55.5,70.0,2.567,3.9874,111.389,0.0,1.02,9.7,0.3674
1787456434.6,LI_ION,1.895,55.4,70.0,2.666,3.9874,111.526,0.1,1.0,10.5,0.408
1787456435.9,LI_ION,2.045,55.5,70.0,2.771,3.9874,110.851,0.8,1.03,9.8,0.383
1787456437.21,LI_ION,2.182,55.5,70.0,2.862,3.9874,109.824,1.4,1.11,9.5,0.3527
1787456438.49,LI_ION,2.32,55.5,70.0,2.952,3.989,110.325,2.1,1.23,9.6,0.3691
1787456439.78,LI_ION,2.47,55.5,70.0,3.046,3.9906,110.272,2.8,1.44,9.9,0.396
1787456441.26,LI_ION,2.632,55.5,70.0,3.144,3.9906,111.875,3.7,1.76,9.8,0.3646
1787456442.88,LI_ION,2.807,55.5,70.0,3.247,3.9906,108.624,4.7,2.28,10.1,0.4019
1787456444.49,LI_ION,2.995,55.4,70.0,3.355,3.9906,111.355,5.9,3.16,10.1,0.3857
1787456446.0,LI_ION,3.156,55.4,70.0,3.443,3.9906,109.386,7.2,4.42,10.4,0.388
1787456447.64,LI_ION,3.332,55.4,70.0,3.539,3.9906,110.222,8.9,6.91,10.9,0.405
1787456449.21,LI_ION,3.508,55.4,70.0,3.631,3.9906,109.03,11.5,12.92,11.7,0.4604
1787456450.84,LI_ION,3.695,55.4,70.0,3.727,3.9906,110.848,17.6,55.42,15.4,0.6005
1787456452.47,LI_ION,3.758,55.4,70.0,3.759,0.3546,82.259,34.2,3.17,26.7,0.679
1787456454.05,LI_ION,3.758,55.5,70.0,3.759,0.3546,35.157,34.3,3.2,26.8,0.6805
1787456455.63,LI_ION,3.758,55.5,70.0,3.759,0.3546,-0.037,34.3,3.15,26.6,0.6563
1787456457.23,LI_ION,3.757,55.5,70.0,3.758,0.3546,-0.221,34.4,3.17,26.9,0.6887
1787456458.76,LI_ION,3.758,55.5,70.0,3.759,0.3546,0.076,34.3,3.05,27.2,0.6877
1787456460.38,LI_ION,3.758,55.5,70.0,3.759,0.3788,-0.068,34.1,3.32,27.4,0.6697
1787456461.93,LI_ION,3.758,55.5,70.0,3.758,0.3788,-0.158,34.1,3.33,27.1,0.6608
1787456463.6,LI_ION,3.759,55.4,70.0,3.759,0.3788,0.149,33.8,3.27,27.3,0.6438
1787456465.16,LI_ION,3.759,55.4,70.0,3.76,0.3788,0.207,33.7,3.16,26.8,0.6496
1787456466.72,LI_ION,3.76,55.4,70.0,3.761,0.3788,0.402,33.7,3.12,27.0,0.64
1787456468.67,LI_ION,3.76,55.4,70.0,3.761,0.3788,0.41,33.7,2.98,27.4,0.6079
1787456470.64,LI_ION,3.761,55.4,70.0,3.762,0.3788,0.455,33.6,2.9,27.6,0.6393
1787456472.17,LI_ION,3.76,55.3,70.0,3.761,0.3723,-0.122,33.8,2.84,27.4,0.6445
1787456473.72,LI_ION,3.76,55.4,70.0,3.761,0.3804,-0.049,33.9,2.72,27.1,0.6412
1787456475.33,LI_ION,3.761,55.4,70.0,3.762,0.3804,-0.067,33.9,2.56,27.3,0.6754
1787456477.02,LI_ION,3.76,55.4,70.0,3.76,0.3804,-0.251,34.0,2.6,26.9,0.6434
1787456478.68,LI_ION,3.76,55.4,70.0,3.761,0.3804,0.066,34.0,2.62,26.9,0.6448
1787456480.32,LI_ION,3.762,55.5,70.0,3.762,0.3804,0.43,33.9,2.69,26.8,0.6339
1787456481.84,LI_ION,3.761,55.6,70.0,3.761,0.3804,0.072,33.7,2.68,26.8,0.6597
1787456483.36,LI_ION,3.76,55.5,70.0,3.761,0.3804,-0.075,33.6,2.75,27.2,0.6421
1787456484.64,LI_ION,3.76,55.4,70.0,3.761,0.3804,-0.078,33.5,2.69,27.0,0.6635
1787456485.9,LI_ION,3.759,55.5,70.0,3.76,0.3804,-0.119,33.5,2.78,27.4,0.6524
1787456487.16,LI_ION,3.759,55.5,70.0,3.76,0.3804,-0.087,33.5,2.81,27.5,0.6254
1787456488.44,LI_ION,3.759,55.5,70.0,3.759,0.3804,-0.206,33.4,2.79,27.0,0.6418
1787456489.71,LI_ION,3.759,55.5,70.0,3.759,0.3804,-0.357,33.4,2.79,27.0,0.6418
1787456490.96,LI_ION,3.759,55.5,70.0,3.759,0.3804,0.175,33.4,2.79,27.0,0.6418
1787456492.22,LI_ION,3.759,55.5,70.0,3.759,0.3804,0.0,33.4,2.79,27.0,0.6418
1787456493.47,LI_ION,3.759,55.5,70.0,3.759,0.3804,0.0,33.4,2.79,27.0,0.6418
1787456494.72,LI_ION,3.759,55.5,70.0,3.759,0.3804,0.0,33.4,2.79,27.0,0.6418
1787456495.98,LI_ION,3.759,55.5,70.0,3.759,0.3804,0.0,33.4,2.79,27.0,0.6418
1787456497.23,LI_ION,3.759,55.5,70.0,3.759,0.3804,0.0,33.4,2.79,27.0,0.6418
1787456498.48,LI_ION,3.759,55.5,70.0,3.759,0.3804,0.0,33.4,2.79,27.0,0.6418
1787456499.74,LI_ION,3.759,55.5,70.0,3.759,0.3804,0.0,33.4,2.79,27.0,0.6418
1787456501.01,LI_ION,3.759,55.5,70.0,3.759,0.3804,0.0,33.4,2.79,27.0,0.6418
1787456502.26,LI_ION,3.759,55.5,70.0,3.759,0.3804,0.0,33.4,2.79,27.0,0.6418
1787456503.52,LI_ION,3.759,55.5,70.0,3.759,0.3804,0.0,33.4,2.79,27.0,0.6418
1787456504.78,LI_ION,3.759,55.5,70.0,3.759,0.3804,0.0,33.4,2.79,27.0,0.6418
1787456506.03,LI_ION,3.759,55.5,70.0,3.759,0.3804,0.0,33.4,2.79,27.0,0.6418
1787456507.29,LI_ION,3.759,55.5,70.0,3.759,0.3804,0.0,33.4,2.79,27.0,0.6418
1787456508.54,LI_ION,3.759,55.5,70.0,3.759,0.3804,0.0,33.4,2.79,27.0,0.6418
1787456509.78,LI_ION,3.759,55.5,70.0,3.759,0.3804,0.0,33.4,2.79,27.0,0.6418
1787456511.04,LI_ION,3.759,55.5,70.0,3.759,0.3804,0.0,33.4,2.79,27.0,0.6418
1787456512.29,LI_ION,3.759,55.5,70.0,3.759,0.3804,0.0,33.4,2.79,27.0,0.6418
1787456513.54,LI_ION,3.759,55.5,70.0,3.759,0.3804,0.0,33.4,2.79,27.0,0.6418
1787456514.8,LI_ION,3.759,55.5,70.0,3.759,0.3804,0.0,33.4,2.79,27.0,0.6418
1787456516.06,LI_ION,3.759,55.5,70.0,3.759,0.3804,0.0,33.4,2.79,27.0,0.6418
1787456517.32,LI_ION,3.759,55.5,70.0,3.759,0.3804,0.0,33.4,2.79,27.0,0.6418
1787456518.6,LI_ION,3.759,55.5,70.0,3.759,0.3804,0.0,33.4,2.79,27.0,0.6418
1787456519.88,LI_ION,3.759,55.5,70.0,3.759,0.3804,0.0,33.4,2.79,27.0,0.6418
1787456521.15,LI_ION,3.759,55.5,70.0,3.759,0.3804,0.0,33.4,2.79,27.0,0.6418
1787456522.41,LI_ION,3.759,55.5,70.0,3.759,0.3804,0.0,33.4,2.79,27.0,0.6418
1787456523.67,LI_ION,3.759,55.5,70.0,3.759,0.3804,0.0,33.4,2.79,27.0,0.6418
1787456524.94,AA_ALK,3.7,82.7,N/A,3.718,2.5755,-18.816,20.2,32.43,14.3,0.5442
1787456526.23,AA_ALK,3.62,89.0,N/A,3.66,2.5755,-44.306,16.5,13.41,12.5,0.451
1787456527.53,AA_ALK,3.54,91.3,N/A,3.601,2.5755,-64.281,14.6,7.97,11.5,0.4359
1787456528.84,AA_ALK,3.453,92.1,N/A,3.536,2.5949,-63.868,13.1,5.27,11.3,0.4298
1787456530.08,AA_ALK,3.371,92.3,N/A,3.475,2.5675,-65.544,12.1,3.87,10.7,0.4007
1787456531.34,AA_ALK,3.29,92.3,N/A,3.412,2.5771,-64.099,11.2,2.97,10.7,0.4071
1787456532.6,AA_ALK,3.21,92.3,N/A,3.349,2.5771,-64.56,10.5,2.36,10.8,0.3935
1787456533.88,AA_ALK,3.122,92.3,N/A,3.278,2.5771,-66.013,9.9,1.89,10.4,0.4074
1787456535.16,AA_ALK,3.04,92.3,N/A,3.211,2.5771,-65.809,9.4,1.58,10.7,0.4079
1787456536.41,AA_ALK,2.96,92.1,N/A,3.144,2.5771,-65.487,8.9,1.36,10.8,0.4036
1787456537.64,AA_ALK,2.879,91.9,N/A,3.074,2.5771,-64.727,8.5,1.2,10.9,0.3903
1787456538.89,AA_ALK,2.799,91.8,N/A,3.004,2.5771,-65.473,8.2,1.1,11.0,0.4148
1787456540.15,AA_ALK,2.718,91.8,N/A,2.932,2.5836,-64.232,7.9,1.04,10.8,0.4211
1787456541.39,AA_ALK,2.636,91.8,N/A,2.856,2.6013,-65.244,7.6,1.03,11.4,0.4302
1787456542.64,AA_ALK,2.556,91.8,N/A,2.782,2.6013,-64.979,7.3,1.06,11.0,0.4115
1787456543.89,AA_ALK,2.474,91.7,N/A,2.703,2.6013,-64.849,7.1,1.14,10.9,0.3951
1787456545.11,AA_ALK,2.394,91.8,N/A,2.622,2.6013,-65.26,7.0,1.27,11.1,0.417
1787456546.34,AA_ALK,2.314,91.7,N/A,2.54,2.6013,-65.78,6.9,1.45,10.9,0.4108
1787456547.59,AA_ALK,2.232,91.6,N/A,2.454,2.6013,-65.643,6.8,1.71,11.1,0.4214
1787456548.88,AA_ALK,2.154,91.6,N/A,2.367,2.6013,-63.583,6.8,2.08,11.2,0.4133
1787456550.15,AA_ALK,2.064,91.8,N/A,2.264,2.5852,-65.537,6.9,2.63,11.4,0.4161
1787456551.4,AA_ALK,1.984,91.6,N/A,2.168,2.5852,-66.184,7.1,3.36,11.3,0.4245
1787456552.66,AA_ALK,1.905,91.6,N/A,2.068,2.5852,-63.748,7.5,4.47,11.7,0.4337
1787456553.94,AA_ALK,1.823,91.6,N/A,1.96,2.5675,-64.071,8.1,6.25,12.3,0.4628
1787456555.21,AA_ALK,1.743,91.6,N/A,1.848,2.5562,-63.578,9.0,9.55,12.7,0.4688
1787456556.52,AA_ALK,1.654,91.7,N/A,1.717,2.5433,-65.311,11.1,18.92,14.0,0.5348
1787456557.82,AA_ALK,1.574,92.2,N/A,1.588,2.4982,-64.979,17.4,78.24,20.4,0.7528
1787456559.11,AA_ALK,1.559,93.1,N/A,1.563,0.5061,-41.127,22.9,3.06,27.7,0.6323
1787456560.45,AA_ALK,1.559,93.2,N/A,1.563,0.5061,-15.647,22.8,3.0,27.8,0.6437
1787456561.7,AA_ALK,1.559,93.2,N/A,1.563,0.5061,0.007,22.8,3.0,27.8,0.6437
1787456562.93,AA_ALK,1.559,93.2,N/A,1.563,0.5061,0.115,22.8,3.0,27.8,0.6437
1787456564.15,AA_ALK,1.559,93.2,N/A,1.563,0.5061,0.0,22.8,3.0,27.8,0.6437
1787456565.37,AA_ALK,1.559,93.2,N/A,1.563,0.5061,0.0,22.8,3.0,27.8,0.6437
1787456566.58,AA_ALK,1.559,93.2,N/A,1.563,0.5061,0.0,22.8,3.0,27.8,0.6437
1787456567.81,AA_ALK,1.559,93.2,N/A,1.563,0.5061,0.0,22.8,3.0,27.8,0.6437
1787456569.02,AA_ALK,1.559,93.2,N/A,1.563,0.5061,0.0,22.8,3.0,27.8,0.6437
1787456570.25,AA_ALK,1.559,93.2,N/A,1.563,0.5061,0.0,22.8,3.0,27.8,0.6437
1787456571.49,AA_ALK,1.559,93.2,N/A,1.563,0.5061,0.0,22.8,3.0,27.8,0.6437
1787456572.72,AA_ALK,1.559,93.2,N/A,1.563,0.5061,0.0,22.8,3.0,27.8,0.6437
1787456573.94,AA_ALK,1.559,93.2,N/A,1.563,0.5061,0.0,22.8,3.0,27.8,0.6437
1787456575.16,AA_ALK,1.559,93.2,N/A,1.563,0.5061,0.0,22.8,3.0,27.8,0.6437
1787456576.39,AA_ALK,1.559,93.2,N/A,1.563,0.5061,0.0,22.8,3.0,27.8,0.6437
1787456577.61,AA_ALK,1.559,93.2,N/A,1.563,0.5061,0.0,22.8,3.0,27.8,0.6437
1787456578.83,AA_ALK,1.559,93.2,N/A,1.563,0.5061,0.0,22.8,3.0,27.8,0.6437
1787456580.05,AA_ALK,1.559,93.2,N/A,1.563,0.5061,0.0,22.8,3.0,27.8,0.6437
1787456581.27,AA_ALK,1.559,93.2,N/A,1.563,0.5061,0.0,22.8,3.0,27.8,0.6437
1787456582.51,AA_ALK,1.559,93.2,N/A,1.563,0.5061,0.0,22.8,3.0,27.8,0.6437
1787456583.72,AA_ALK,1.559,93.2,N/A,1.563,0.5061,0.0,22.8,3.0,27.8,0.6437
1787456584.95,AA_ALK,1.559,93.2,N/A,1.563,0.5061,0.0,22.8,3.0,27.8,0.6437
1787456586.16,AA_ALK,1.559,93.2,N/A,1.563,0.5061,0.0,22.8,3.0,27.8,0.6437
1787456587.38,AA_ALK,1.559,93.2,N/A,1.563,0.5061,0.0,22.8,3.0,27.8,0.6437
1787456588.62,AA_ALK,1.559,93.2,N/A,1.563,0.5061,0.0,22.8,3.0,27.8,0.6437
1787456589.86,AA_ALK,1.559,93.2,N/A,1.563,0.5061,0.0,22.8,3.0,27.8,0.6437
1787456591.11,AA_ALK,1.559,93.2,N/A,1.563,0.5061,0.0,22.8,3.0,27.8,0.6437
1787456592.35,AA_ALK,1.559,93.2,N/A,1.563,0.5061,0.0,22.8,3.0,27.8,0.6437
1787456593.58,AA_ALK,1.559,93.2,N/A,1.563,0.5061,0.0,22.8,3.0,27.8,0.6437
1787456594.78,AA_ALK,1.559,93.2,N/A,1.563,0.5061,0.0,22.8,3.0,27.8,0.6437
1787456595.99,AA_ALK,1.559,93.2,N/A,1.563,0.5061,0.0,22.8,3.0,27.8,0.6437
1787456597.19,AA_ALK,1.559,93.2,N/A,1.563,0.5061,0.0,22.8,3.0,27.8,0.6437
1787456598.4,AA_ALK,1.559,93.2,N/A,1.563,0.5061,0.0,22.8,3.0,27.8,0.6437
1787456599.63,AA_ALK,1.559,93.2,N/A,1.563,0.5061,0.0,22.8,3.0,27.8,0.6437
1787456600.83,AA_ALK,1.559,93.2,N/A,1.563,0.5061,0.0,22.8,3.0,27.8,0.6437
1787456602.04,AA_ALK,1.559,93.2,N/A,1.563,0.5061,0.0,22.8,3.0,27.8,0.6437
1787456603.26,AA_ALK,1.559,93.2,N/A,1.563,0.5061,0.0,22.8,3.0,27.8,0.6437
1787456604.5,AAA_ALK,1.557,78.6,N/A,1.561,0.5061,-0.815,22.7,3.05,27.8,0.6589
1787456605.73,AAA_ALK,1.556,82.3,N/A,1.56,0.5061,-1.147,22.7,3.07,27.6,0.6578
1787456606.97,AAA_ALK,1.554,83.4,N/A,1.558,0.5061,-1.565,22.8,3.17,27.1,0.6457
1787456608.21,AAA_ALK,1.552,83.8,N/A,1.556,0.5061,-1.648,22.8,3.23,27.1,0.6655
1787456609.46,AAA_ALK,1.55,83.8,N/A,1.554,0.5061,-1.568,22.8,3.26,27.0,0.6338
1787456610.71,AAA_ALK,1.547,83.9,N/A,1.551,0.5061,-1.642,22.8,3.38,26.6,0.6456
1787456611.98,AAA_ALK,1.546,83.9,N/A,1.55,0.5061,-1.648,22.9,3.34,27.2,0.6717
1787456613.22,AAA_ALK,1.543,83.9,N/A,1.547,0.5061,-1.644,23.1,3.47,27.0,0.652
1787456614.45,AAA_ALK,1.541,84.0,N/A,1.545,0.5061,-1.837,23.2,3.55,27.1,0.6789
1787456615.69,AAA_ALK,1.539,83.9,N/A,1.542,0.4916,-1.792,23.3,3.49,26.8,0.669
1787456616.92,AAA_ALK,1.537,84.0,N/A,1.541,0.4916,-1.624,23.5,3.47,26.7,0.7039
1787456618.16,AAA_ALK,1.536,83.9,N/A,1.539,0.4916,-1.392,23.5,3.41,26.9,0.682
1787456619.43,AAA_ALK,1.534,83.8,N/A,1.537,0.469,-1.206,23.7,3.27,26.6,0.6784
1787456620.73,AAA_ALK,1.532,83.7,N/A,1.535,0.4561,-1.06,23.8,3.16,26.7,0.6935
1787456622.01,AAA_ALK,1.53,83.6,N/A,1.533,0.4481,-1.188,23.8,3.07,26.6,0.6692
1787456623.27,AAA_ALK,1.527,83.6,N/A,1.53,0.4481,-1.674,24.0,3.03,26.7,0.6863
1787456624.54,AAA_ALK,1.527,83.4,N/A,1.53,0.4078,-1.344,24.1,2.89,26.6,0.7043
1787456625.83,AAA_ALK,1.523,83.4,N/A,1.526,0.4078,-1.867,24.2,2.94,26.6,0.7115
1787456627.13,AAA_ALK,1.521,83.4,N/A,1.524,0.4078,-2.222,24.3,2.91,26.7,0.6964
1787456628.4,AAA_ALK,1.518,83.4,N/A,1.521,0.4078,-2.221,24.4,3.05,26.6,0.6945
1787456629.66,AAA_ALK,1.516,83.4,N/A,1.519,0.4078,-1.634,24.4,3.12,26.9,0.6779
1787456630.93,AAA_ALK,1.513,83.4,N/A,1.516,0.4078,-2.218,24.6,3.29,27.2,0.6672
1787456632.2,AAA_ALK,1.511,83.5,N/A,1.514,0.3965,-2.289,24.6,3.15,27.3,0.6753
1787456633.46,AAA_ALK,1.511,83.6,N/A,1.514,0.3965,-1.033,24.6,3.06,27.2,0.6712
1787456634.73,AAA_ALK,1.51,83.6,N/A,1.512,0.3997,-0.868,24.6,3.04,27.4,0.6519
1787456636.03,AAA_ALK,1.506,83.6,N/A,1.508,0.3997,-1.63,24.7,3.2,27.8,0.6422
1787456637.66,AAA_ALK,1.502,83.5,N/A,1.505,0.3997,-2.39,25.0,3.11,27.5,0.6439
1787456639.2,AAA_ALK,1.502,83.4,N/A,1.505,0.3997,-1.382,25.0,3.06,27.5,0.6483
1787456640.75,AAA_ALK,1.502,83.3,N/A,1.504,0.411,-0.608,24.9,3.13,27.2,0.6799
1787456642.32,AAA_ALK,1.501,83.3,N/A,1.503,0.411,-0.554,24.9,3.16,26.9,0.682
1787456644.0,AAA_ALK,1.502,83.3,N/A,1.504,0.411,0.103,24.9,2.94,27.0,0.6795
1787456645.61,AAA_ALK,1.5,83.4,N/A,1.503,0.411,-0.339,25.0,2.97,26.7,0.6759
1787456647.15,AAA_ALK,1.5,83.4,N/A,1.503,0.411,-0.225,24.9,2.91,26.9,0.6562
1787456648.72,AAA_ALK,1.501,83.4,N/A,1.503,0.411,-0.122,24.9,2.9,26.7,0.6697
1787456650.05,AAA_ALK,1.5,83.4,N/A,1.502,0.411,-0.073,24.9,2.97,26.8,0.6636
1787456651.35,AAA_ALK,1.5,83.4,N/A,1.503,0.411,-0.046,24.8,3.03,26.7,0.6777
1787456652.65,AAA_ALK,1.5,83.4,N/A,1.502,0.411,-0.035,24.8,3.02,26.5,0.6645
1787456653.93,AAA_ALK,1.498,83.5,N/A,1.501,0.4126,0.041,24.7,3.06,26.2,0.6817
1787456655.24,AAA_ALK,1.498,83.4,N/A,1.501,0.4126,-0.526,24.8,3.06,26.0,0.6724
1787456656.55,AAA_ALK,1.497,83.4,N/A,1.5,0.4126,-0.71,24.9,3.11,26.1,0.6816
1787456657.84,AAA_ALK,1.492,80.5,N/A,1.496,1.7536,-2.153,21.9,80.3,25.4,0.8105
1787456659.14,AAA_ALK,1.432,19.0,N/A,1.466,1.7536,-20.79,13.2,18.43,14.3,0.5404
1787456660.44,AAA_ALK,1.377,4.7,N/A,1.438,1.7536,-37.477,10.5,9.84,13.0,0.5034
1787456661.8,AAA_ALK,1.357,2.8,N/A,1.427,1.7536,-30.678,9.8,8.29,12.5,0.486
1787456663.1,AAA_ALK,1.357,2.8,N/A,1.427,1.7536,-14.028,9.8,8.29,12.5,0.486
1787456664.39,AAA_ALK,1.357,2.8,N/A,1.427,1.7536,0.0,9.8,8.29,12.5,0.486
1787456665.64,AAA_ALK,1.357,2.8,N/A,1.427,1.7536,0.0,9.8,8.29,12.5,0.486
1787456666.9,AAA_ALK,1.357,2.8,N/A,1.427,1.7536,0.0,9.8,8.29,12.5,0.486
1787456668.2,AAA_ALK,1.357,2.8,N/A,1.427,1.7536,0.0,9.8,8.29,12.5,0.486
1787456669.48,AAA_ALK,1.357,2.8,N/A,1.427,1.7536,0.0,9.8,8.29,12.5,0.486
1787456671.34,AAA_ALK,1.357,2.8,N/A,1.427,1.7536,0.0,9.8,8.29,12.5,0.486
1787456673.88,AAA_ALK,1.357,2.8,N/A,1.427,1.7536,0.0,9.8,8.29,12.5,0.486
1787456676.81,AAA_ALK,1.357,2.8,N/A,1.427,1.7536,0.0,9.8,8.29,12.5,0.486
1787456679.68,AAA_ALK,1.357,2.8,N/A,1.427,1.7536,0.0,9.8,8.29,12.5,0.486
1787456682.37,AAA_ALK,1.357,2.8,N/A,1.427,1.7536,0.0,9.8,8.29,12.5,0.486
1787456684.81,AAA_ALK,1.357,2.8,N/A,1.427,1.7536,0.0,9.8,8.29,12.5,0.486
1787456687.18,AAA_ALK,1.357,2.8,N/A,1.427,1.7536,0.0,9.8,8.29,12.5,0.486
1787456689.66,AAA_ALK,1.357,2.8,N/A,1.427,1.7536,0.0,9.8,8.29,12.5,0.486
1787456692.08,AAA_ALK,1.357,2.8,N/A,1.427,1.7536,0.0,9.8,8.29,12.5,0.486
1787456694.3,AAA_ALK,1.357,2.8,N/A,1.427,1.7536,0.0,9.8,8.29,12.5,0.486
1787456696.23,AAA_ALK,1.357,2.8,N/A,1.427,1.7536,0.0,9.8,8.29,12.5,0.486
1787456699.09,AAA_ALK,1.357,2.8,N/A,1.427,1.7536,0.0,9.8,8.29,12.5,0.486
1787456702.58,AAA_ALK,1.357,2.8,N/A,1.427,1.7536,0.0,9.8,8.29,12.5,0.486
1787456706.18,AAA_ALK,1.357,2.8,N/A,1.427,1.7536,0.0,9.8,8.29,12.5,0.486
1787456709.97,AAA_ALK,1.357,2.8,N/A,1.427,1.7536,0.0,9.8,8.29,12.5,0.486
1787456712.56,AAA_ALK,1.357,2.8,N/A,1.427,1.7536,0.0,9.8,8.29,12.5,0.486
1787456714.86,AAA_ALK,1.357,2.8,N/A,1.427,1.7536,0.0,9.8,8.29,12.5,0.486
1787456717.04,AAA_ALK,1.357,2.8,N/A,1.427,1.7536,0.0,9.8,8.29,12.5,0.486
1787456719.72,AAA_ALK,1.357,2.8,N/A,1.427,1.7536,0.0,9.8,8.29,12.5,0.486
1787456722.58,AAA_ALK,1.357,2.8,N/A,1.427,1.7536,0.0,9.8,8.29,12.5,0.486
1787456725.01,AAA_ALK,1.357,2.8,N/A,1.427,1.7536,0.0,9.8,8.29,12.5,0.486
1787456727.76,AAA_ALK,1.357,2.8,N/A,1.427,1.7536,0.0,9.8,8.29,12.5,0.486
1787456730.51,AAA_ALK,1.357,2.8,N/A,1.427,1.7536,0.0,9.8,8.29,12.5,0.486
1787456733.41,AAA_ALK,1.357,2.8,N/A,1.427,1.7536,0.0,9.8,8.29,12.5,0.486
1787456736.23,AAA_ALK,1.357,2.8,N/A,1.427,1.7536,0.0,9.8,8.29,12.5,0.486
1787456738.99,AAA_ALK,1.357,2.8,N/A,1.427,1.7536,0.0,9.8,8.29,12.5,0.486
1787456741.7,AAA_ALK,1.357,2.8,N/A,1.427,1.7536,0.0,9.8,8.29,12.5,0.486
1787456744.39,AAA_ALK,1.357,2.8,N/A,1.427,1.7536,0.0,9.8,8.29,12.5,0.486
1787456746.94,AAA_ALK,1.357,2.8,N/A,1.427,1.7536,0.0,9.8,8.29,12.5,0.486
1787456749.62,AAA_ALK,1.357,2.8,N/A,1.427,1.7536,0.0,9.8,8.29,12.5,0.486
1787456752.19,AAA_ALK,1.357,2.8,N/A,1.427,1.7536,0.0,9.8,8.29,12.5,0.486
1787456754.79,AAA_ALK,1.357,2.8,N/A,1.427,1.7536,0.0,9.8,8.29,12.5,0.486
1787456757.52,AAA_ALK,1.357,2.8,N/A,1.427,1.7536,0.0,9.8,8.29,12.5,0.486
1787456760.13,AAA_ALK,1.357,2.8,N/A,1.427,1.7536,0.0,9.8,8.29,12.5,0.486
1787456762.74,AAA_ALK,1.357,2.8,N/A,1.427,1.7536,0.0,9.8,8.29,12.5,0.486
1787456765.31,AAA_ALK,1.357,2.8,N/A,1.427,1.7536,0.0,9.8,8.29,12.5,0.486
1787456767.89,AAA_ALK,1.357,2.8,N/A,1.427,1.7536,0.0,9.8,8.29,12.5,0.486
1787456770.45,AAA_ALK,1.357,2.8,N/A,1.427,1.7536,0.0,9.8,8.29,12.5,0.486
1787456772.96,AAA_ALK,1.357,2.8,N/A,1.427,1.7536,0.0,9.8,8.29,12.5,0.486
1787456775.44,AAA_ALK,1.357,2.8,N/A,1.427,1.7536,0.0,9.8,8.29,12.5,0.486
1787456777.96,AAA_ALK,1.357,2.8,N/A,1.427,1.7536,0.0,9.8,8.29,12.5,0.486
1787456780.04,AAA_ALK,1.357,2.8,N/A,1.427,1.7536,0.0,9.8,8.29,12.5,0.486
1787456782.13,AAA_ALK,1.357,2.8,N/A,1.427,1.7536,0.0,9.8,8.29,12.5,0.486
1787456784.17,AAA_ALK,1.357,2.8,N/A,1.427,1.7536,0.0,9.8,8.29,12.5,0.486
1787456786.21,AAA_ALK,1.357,2.8,N/A,1.427,1.7536,0.0,9.8,8.29,12.5,0.486
1787456788.27,AAA_ALK,1.357,2.8,N/A,1.427,1.7536,0.0,9.8,8.29,12.5,0.486
1787456790.36,AAA_ALK,1.357,2.8,N/A,1.427,1.7536,0.0,9.8,8.29,12.5,0.486
1787456792.4,AAA_ALK,1.357,2.8,N/A,1.427,1.7536,0.0,9.8,8.29,12.5,0.486
1787456794.53,AAA_ALK,1.357,2.8,N/A,1.427,1.7536,0.0,9.8,8.29,12.5,0.486
1787456796.59,AAA_ALK,1.357,2.8,N/A,1.427,1.7536,0.0,9.8,8.29,12.5,0.486
1787456798.64,AAA_ALK,1.357,2.8,N/A,1.427,1.7536,0.0,9.8,8.29,12.5,0.486
1787456800.7,AAA_ALK,1.357,2.8,N/A,1.427,1.7536,0.0,9.8,8.29,12.5,0.486
1787456802.74,AAA_ALK,1.357,2.8,N/A,1.427,1.7536,0.0,9.8,8.29,12.5,0.486
1787456804.82,AAA_ALK,1.357,2.8,N/A,1.427,1.7536,0.0,9.8,8.29,12.5,0.486
1787456806.87,AAA_ALK,1.357,2.8,N/A,1.427,1.7536,0.0,9.8,8.29,12.5,0.486
1787456808.91,AAA_ALK,1.357,2.8,N/A,1.427,1.7536,0.0,9.8,8.29,12.5,0.486
1787456810.96,AAA_ALK,1.357,2.8,N/A,1.427,1.7536,0.0,9.8,8.29,12.5,0.486
1787456813.0,AAA_ALK,1.357,2.8,N/A,1.427,1.7536,0.0,9.8,8.29,12.5,0.486
1787456815.05,AAA_ALK,1.357,2.8,N/A,1.427,1.7536,0.0,9.8,8.29,12.5,0.486
1787456817.37,AAA_ALK,1.357,2.8,N/A,1.427,1.7536,0.0,9.8,8.29,12.5,0.486
1787456819.44,AAA_ALK,1.357,2.8,N/A,1.427,1.7536,0.0,9.8,8.29,12.5,0.486
1787456821.52,AAA_ALK,1.357,2.8,N/A,1.427,1.7536,0.0,9.8,8.29,12.5,0.486
1787456823.58,AAA_ALK,1.357,2.8,N/A,1.427,1.7536,0.0,9.8,8.29,12.5,0.486
1787456825.7,AAA_ALK,1.357,2.8,N/A,1.427,1.7536,0.0,9.8,8.29,12.5,0.486
1787456827.78,AAA_ALK,1.357,2.8,N/A,1.427,1.7536,0.0,9.8,8.29,12.5,0.486
1787456829.86,AAA_ALK,1.357,2.8,N/A,1.427,1.7536,0.0,9.8,8.29,12.5,0.486
1787456831.97,AAA_ALK,1.357,2.8,N/A,1.427,1.7536,0.0,9.8,8.29,12.5,0.486
1787456834.01,AAA_ALK,1.357,2.8,N/A,1.427,1.7536,0.0,9.8,8.29,12.5,0.486
1787456836.07,AAA_ALK,1.357,2.8,N/A,1.427,1.7536,0.0,9.8,8.29,12.5,0.486
1787456838.12,AAA_ALK,1.357,2.8,N/A,1.427,1.7536,0.0,9.8,8.29,12.5,0.486
1787456840.2,AAA_ALK,1.357,2.8,N/A,1.427,1.7536,0.0,9.8,8.29,12.5,0.486
1787456842.25,AAA_ALK,1.357,2.8,N/A,1.427,1.7536,0.0,9.8,8.29,12.5,0.486
1787456844.34,AAA_ALK,1.357,2.8,N/A,1.427,1.7536,0.0,9.8,8.29,12.5,0.486
1787456846.38,AAA_ALK,1.357,2.8,N/A,1.427,1.7536,0.0,9.8,8.29,12.5,0.486
1787456848.47,AAA_ALK,1.357,2.8,N/A,1.427,1.7536,0.0,9.8,8.29,12.5,0.486
1787456850.53,AAA_ALK,1.357,2.8,N/A,1.427,1.7536,0.0,9.8,8.29,12.5,0.486
1787456852.58,AAA_ALK,1.357,2.8,N/A,1.427,1.7536,0.0,9.8,8.29,12.5,0.486
1787456854.66,AAA_ALK,1.357,2.8,N/A,1.427,1.7536,0.0,9.8,8.29,12.5,0.486
1787456856.7,AAA_ALK,1.357,2.8,N/A,1.427,1.7536,0.0,9.8,8.29,12.5,0.486
1787456858.74,AAA_ALK,1.357,2.8,N/A,1.427,1.7536,0.0,9.8,8.29,12.5,0.486
1787456860.82,AAA_ALK,1.357,2.8,N/A,1.427,1.7536,0.0,9.8,8.29,12.5,0.486
1787456862.86,AAA_ALK,1.357,2.8,N/A,1.427,1.7536,0.0,9.8,8.29,12.5,0.486
1787456864.9,AAA_ALK,1.357,2.8,N/A,1.427,1.7536,0.0,9.8,8.29,12.5,0.486
1787456866.95,AAA_ALK,1.357,2.8,N/A,1.427,1.7536,0.0,9.8,8.29,12.5,0.486
1787456868.97,AAA_ALK,1.357,2.8,N/A,1.427,1.7536,0.0,9.8,8.29,12.5,0.486
1787456871.06,AAA_ALK,1.357,2.8,N/A,1.427,1.7536,0.0,9.8,8.29,12.5,0.486
1787456873.09,AAA_ALK,1.357,2.8,N/A,1.427,1.7536,0.0,9.8,8.29,12.5,0.486
1787456875.1,AAA_ALK,1.357,2.8,N/A,1.427,1.7536,0.0,9.8,8.29,12.5,0.486
1787456877.16,AAA_ALK,1.357,2.8,N/A,1.427,1.7536,0.0,9.8,8.29,12.5,0.486
1787456879.21,AAA_ALK,1.357,2.8,N/A,1.427,1.7536,0.0,9.8,8.29,12.5,0.486
1787456881.27,AAA_ALK,1.357,2.8,N/A,1.427,1.7536,0.0,9.8,8.29,12.5,0.486
1787456883.33,AAA_ALK,1.357,2.8,N/A,1.427,1.7536,0.0,9.8,8.29,12.5,0.486
1787456885.41,AAA_ALK,1.357,2.8,N/A,1.427,1.7536,0.0,9.8,8.29,12.5,0.486
1787456887.48,AAA_ALK,1.357,2.8,N/A,1.427,1.7536,0.0,9.8,8.29,12.5,0.486
1787456889.51,AAA_ALK,1.357,2.8,N/A,1.427,1.7536,0.0,9.8,8.29,12.5,0.486
1787456891.57,AAA_ALK,1.357,2.8,N/A,1.427,1.7536,0.0,9.8,8.29,12.5,0.486
1787456893.61,AAA_ALK,1.357,2.8,N/A,1.427,1.7536,0.0,9.8,8.29,12.5,0.486
1787456895.83,AAA_ALK,1.357,2.8,N/A,1.427,1.7536,0.0,9.8,8.29,12.5,0.486
1787456897.97,AAA_ALK,1.357,2.8,N/A,1.427,1.7536,0.0,9.8,8.29,12.5,0.486
1787456900.13,AAA_ALK,1.357,2.8,N/A,1.427,1.7536,0.0,9.8,8.29,12.5,0.486
1787456902.21,AAA_ALK,1.357,2.8,N/A,1.427,1.7536,0.0,9.8,8.29,12.5,0.486
1787456904.3,AAA_ALK,1.357,2.8,N/A,1.427,1.7536,0.0,9.8,8.29,12.5,0.486
1787456906.36,AAA_ALK,1.357,2.8,N/A,1.427,1.7536,0.0,9.8,8.29,12.5,0.486
1787456908.43,AAA_ALK,1.357,2.8,N/A,1.427,1.7536,0.0,9.8,8.29,12.5,0.486
1787456910.55,AAA_ALK,1.357,2.8,N/A,1.427,1.7536,0.0,9.8,8.29,12.5,0.486
1787456912.64,AAA_ALK,1.357,2.8,N/A,1.427,1.7536,0.0,9.8,8.29,12.5,0.486
1787456914.76,AAA_ALK,1.357,2.8,N/A,1.427,1.7536,0.0,9.8,8.29,12.5,0.486
1787456917.0,AAA_ALK,1.357,2.8,N/A,1.427,1.7536,0.0,9.8,8.29,12.5,0.486
1787456919.21,AAA_ALK,1.357,2.8,N/A,1.427,1.7536,0.0,9.8,8.29,12.5,0.486
1787456921.31,AAA_ALK,1.357,2.8,N/A,1.427,1.7536,0.0,9.8,8.29,12.5,0.486
1787456923.38,AAA_ALK,1.357,2.8,N/A,1.427,1.7536,0.0,9.8,8.29,12.5,0.486
1787456925.49,AAA_ALK,1.357,2.8,N/A,1.427,1.7536,0.0,9.8,8.29,12.5,0.486
1787456927.61,AAA_ALK,1.357,2.8,N/A,1.427,1.7536,0.0,9.8,8.29,12.5,0.486
1787456929.73,AAA_ALK,1.357,2.8,N/A,1.427,1.7536,0.0,9.8,8.29,12.5,0.486
1787456931.8,AAA_ALK,1.357,2.8,N/A,1.427,1.7536,0.0,9.8,8.29,12.5,0.486
1787456933.89,AAA_ALK,1.357,2.8,N/A,1.427,1.7536,0.0,9.8,8.29,12.5,0.486
1787456935.98,AAA_ALK,1.357,2.8,N/A,1.427,1.7536,0.0,9.8,8.29,12.5,0.486
1787456938.05,AAA_ALK,1.357,2.8,N/A,1.427,1.7536,0.0,9.8,8.29,12.5,0.486
1787456940.12,AAA_ALK,1.357,2.8,N/A,1.427,1.7536,0.0,9.8,8.29,12.5,0.486
1787456942.28,AAA_ALK,1.357,2.8,N/A,1.427,1.7536,0.0,9.8,8.29,12.5,0.486
1787456944.41,AAA_ALK,1.357,2.8,N/A,1.427,1.7536,0.0,9.8,8.29,12.5,0.486
1787456946.46,AAA_ALK,1.357,2.8,N/A,1.427,1.7536,0.0,9.8,8.29,12.5,0.486
1787456948.52,AAA_ALK,1.357,2.8,N/A,1.427,1.7536,0.0,9.8,8.29,12.5,0.486
1787456950.54,AAA_ALK,1.357,2.8,N/A,1.427,1.7536,0.0,9.8,8.29,12.5,0.486
1787456952.63,AAA_ALK,1.357,2.8,N/A,1.427,1.7536,0.0,9.8,8.29,12.5,0.486
1787456954.67,AAA_ALK,1.357,2.8,N/A,1.427,1.7536,0.0,9.8,8.29,12.5,0.486
1787456956.71,AAA_ALK,1.357,2.8,N/A,1.427,1.7536,0.0,9.8,8.29,12.5,0.486
1787456958.78,AAA_ALK,1.357,2.8,N/A,1.427,1.7536,0.0,9.8,8.29,12.5,0.486
1787456960.83,AAA_ALK,1.357,2.8,N/A,1.427,1.7536,0.0,9.8,8.29,12.5,0.486
1787456962.87,AAA_ALK,1.357,2.8,N/A,1.427,1.7536,0.0,9.8,8.29,12.5,0.486
1787456964.95,AAA_ALK,1.357,2.8,N/A,1.427,1.7536,0.0,9.8,8.29,12.5,0.486
1787456967.03,AAA_ALK,1.357,2.8,N/A,1.427,1.7536,0.0,9.8,8.29,12.5,0.486
1787456969.2,AAA_ALK,1.357,2.8,N/A,1.427,1.7536,0.0,9.8,8.29,12.5,0.486
1787456971.33,AAA_ALK,1.357,2.8,N/A,1.427,1.7536,0.0,9.8,8.29,12.5,0.486
1787456973.42,AAA_ALK,1.357,2.8,N/A,1.427,1.7536,0.0,9.8,8.29,12.5,0.486
1787456975.53,AAA_ALK,1.357,2.8,N/A,1.427,1.7536,0.0,9.8,8.29,12.5,0.486
1787456977.6,AAA_ALK,1.357,2.8,N/A,1.427,1.7536,0.0,9.8,8.29,12.5,0.486
1787456979.76,AAA_ALK,1.357,2.8,N/A,1.427,1.7536,0.0,9.8,8.29,12.5,0.486
1787456982.06,AAA_ALK,1.357,2.8,N/A,1.427,1.7536,0.0,9.8,8.29,12.5,0.486
1787456984.24,AAA_ALK,1.357,2.8,N/A,1.427,1.7536,0.0,9.8,8.29,12.5,0.486
1787456986.29,AAA_ALK,1.357,2.8,N/A,1.427,1.7536,0.0,9.8,8.29,12.5,0.486
1787456988.39,AAA_ALK,1.357,2.8,N/A,1.427,1.7536,0.0,9.8,8.29,12.5,0.486
1787456990.48,AAA_ALK,1.357,2.8,N/A,1.427,1.7536,0.0,9.8,8.29,12.5,0.486
1787456992.5,AAA_ALK,1.357,2.8,N/A,1.427,1.7536,0.0,9.8,8.29,12.5,0.486
1787456994.56,AAA_ALK,1.357,2.8,N/A,1.427,1.7536,0.0,9.8,8.29,12.5,0.486
1787456996.63,AAA_ALK,1.357,2.8,N/A,1.427,1.7536,0.0,9.8,8.29,12.5,0.486
1787456998.69,AAA_ALK,1.357,2.8,N/A,1.427,1.7536,0.0,9.8,8.29,12.5,0.486
1787457000.8,AAA_ALK,1.357,2.8,N/A,1.427,1.7536,0.0,9.8,8.29,12.5,0.486
1787457002.86,AAA_ALK,1.357,2.8,N/A,1.427,1.7536,0.0,9.8,8.29,12.5,0.486
1787457004.95,AAA_ALK,1.357,2.8,N/A,1.427,1.7536,0.0,9.8,8.29,12.5,0.486
1787457007.0,AAA_ALK,1.357,2.8,N/A,1.427,1.7536,0.0,9.8,8.29,12.5,0.486
1787457009.06,AAA_ALK,1.357,2.8,N/A,1.427,1.7536,0.0,9.8,8.29,12.5,0.486
1787457011.11,AAA_ALK,1.357,2.8,N/A,1.427,1.7536,0.0,9.8,8.29,12.5,0.486
1787457013.16,AAA_ALK,1.357,2.8,N/A,1.427,1.7536,0.0,9.8,8.29,12.5,0.486
1787457015.22,AAA_ALK,1.357,2.8,N/A,1.427,1.7536,0.0,9.8,8.29,12.5,0.486
1787457017.26,AAA_ALK,1.357,2.8,N/A,1.427,1.7536,0.0,9.8,8.29,12.5,0.486
1787457019.33,AAA_ALK,1.357,2.8,N/A,1.427,1.7536,0.0,9.8,8.29,12.5,0.486
1787457021.39,AAA_ALK,1.357,2.8,N/A,1.427,1.7536,0.0,9.8,8.29,12.5,0.486
1787457023.44,AAA_ALK,1.357,2.8,N/A,1.427,1.7536,0.0,9.8,8.29,12.5,0.486
1787457025.51,AAA_ALK,1.357,2.8,N/A,1.427,1.7536,0.0,9.8,8.29,12.5,0.486
1787457027.57,AAA_ALK,1.357,2.8,N/A,1.427,1.7536,0.0,9.8,8.29,12.5,0.486
1787457029.63,AAA_ALK,1.357,2.8,N/A,1.427,1.7536,0.0,9.8,8.29,12.5,0.486
1787457031.68,AAA_ALK,1.357,2.8,N/A,1.427,1.7536,0.0,9.8,8.29,12.5,0.486
1787457033.75,AAA_ALK,1.357,2.8,N/A,1.427,1.7536,0.0,9.8,8.29,12.5,0.486
1787457035.89,AAA_ALK,1.357,2.8,N/A,1.427,1.7536,0.0,9.8,8.29,12.5,0.486
1787457037.98,AAA_ALK,1.357,2.8,N/A,1.427,1.7536,0.0,9.8,8.29,12.5,0.486
1787457040.03,AAA_ALK,1.357,2.8,N/A,1.427,1.7536,0.0,9.8,8.29,12.5,0.486
1787457042.18,AAA_ALK,1.357,2.8,N/A,1.427,1.7536,0.0,9.8,8.29,12.5,0.486
1787457044.22,AAA_ALK,1.357,2.8,N/A,1.427,1.7536,0.0,9.8,8.29,12.5,0.486
1787457046.27,AAA_ALK,1.357,2.8,N/A,1.427,1.7536,0.0,9.8,8.29,12.5,0.486
1787457048.36,AAA_ALK,1.357,2.8,N/A,1.427,1.7536,0.0,9.8,8.29,12.5,0.486
1787457050.43,AAA_ALK,1.357,2.8,N/A,1.427,1.7536,0.0,9.8,8.29,12.5,0.486
1787457052.49,AAA_ALK,1.357,2.8,N/A,1.427,1.7536,0.0,9.8,8.29,12.5,0.486
1787457054.57,AAA_ALK,1.357,2.8,N/A,1.427,1.7536,0.0,9.8,8.29,12.5,0.486
1787457056.64,AAA_ALK,1.357,2.8,N/A,1.427,1.7536,0.0,9.8,8.29,12.5,0.486
1787457058.67,AAA_ALK,1.357,2.8,N/A,1.427,1.7536,0.0,9.8,8.29,12.5,0.486
1787457060.73,AAA_ALK,1.357,2.8,N/A,1.427,1.7536,0.0,9.8,8.29,12.5,0.486
1787457062.78,AAA_ALK,1.357,2.8,N/A,1.427,1.7536,0.0,9.8,8.29,12.5,0.486
1787457064.87,AAA_ALK,1.357,2.8,N/A,1.427,1.7536,0.0,9.8,8.29,12.5,0.486
1787457066.96,AAA_ALK,1.357,2.8,N/A,1.427,1.7536,0.0,9.8,8.29,12.5,0.486
1787457069.0,AAA_ALK,1.357,2.8,N/A,1.427,1.7536,0.0,9.8,8.29,12.5,0.486
1787457071.03,AAA_ALK,1.357,2.8,N/A,1.427,1.7536,0.0,9.8,8.29,12.5,0.486
1787457073.1,AAA_ALK,1.357,2.8,N/A,1.427,1.7536,0.0,9.8,8.29,12.5,0.486
1787457075.15,AAA_ALK,1.357,2.8,N/A,1.427,1.7536,0.0,9.8,8.29,12.5,0.486
1787457077.18,AAA_ALK,1.357,2.8,N/A,1.427,1.7536,0.0,9.8,8.29,12.5,0.486
1787457079.28,AAA_ALK,1.357,2.8,N/A,1.427,1.7536,0.0,9.8,8.29,12.5,0.486
1787457081.34,AAA_ALK,1.357,2.8,N/A,1.427,1.7536,0.0,9.8,8.29,12.5,0.486
1787457083.41,AAA_ALK,1.357,2.8,N/A,1.427,1.7536,0.0,9.8,8.29,12.5,0.486
1787457085.48,AAA_ALK,1.357,2.8,N/A,1.427,1.7536,0.0,9.8,8.29,12.5,0.486
1787457087.58,AAA_ALK,1.357,2.8,N/A,1.427,1.7536,0.0,9.8,8.29,12.5,0.486
1787457089.63,AAA_ALK,1.357,2.8,N/A,1.427,1.7536,0.0,9.8,8.29,12.5,0.486
1787457091.7,AAA_ALK,1.357,2.8,N/A,1.427,1.7536,0.0,9.8,8.29,12.5,0.486
1787457093.76,AAA_ALK,1.357,2.8,N/A,1.427,1.7536,0.0,9.8,8.29,12.5,0.486
1787457095.82,AAA_ALK,1.357,2.8,N/A,1.427,1.7536,0.0,9.8,8.29,12.5,0.486
1787457097.91,AAA_ALK,1.357,2.8,N/A,1.427,1.7536,0.0,9.8,8.29,12.5,0.486
1787457099.97,AAA_ALK,1.357,2.8,N/A,1.427,1.7536,0.0,9.8,8.29,12.5,0.486
1787457102.02,AAA_ALK,1.357,2.8,N/A,1.427,1.7536,0.0,9.8,8.29,12.5,0.486
1787457104.09,AAA_ALK,1.357,2.8,N/A,1.427,1.7536,0.0,9.8,8.29,12.5,0.486
1787457106.19,AAA_ALK,1.357,2.8,N/A,1.427,1.7536,0.0,9.8,8.29,12.5,0.486
1787457108.29,AAA_ALK,1.357,2.8,N/A,1.427,1.7536,0.0,9.8,8.29,12.5,0.486
1787457110.43,AAA_ALK,1.357,2.8,N/A,1.427,1.7536,0.0,9.8,8.29,12.5,0.486
1787457112.53,AAA_ALK,1.357,2.8,N/A,1.427,1.7536,0.0,9.8,8.29,12.5,0.486
1787457114.62,AAA_ALK,1.357,2.8,N/A,1.427,1.7536,0.0,9.8,8.29,12.5,0.486
1787457116.97,AAA_ALK,1.357,2.8,N/A,1.427,1.7536,0.0,9.8,8.29,12.5,0.486
1787457119.03,AAA_ALK,1.357,2.8,N/A,1.427,1.7536,0.0,9.8,8.29,12.5,0.486
1787457121.1,AAA_ALK,1.357,2.8,N/A,1.427,1.7536,0.0,9.8,8.29,12.5,0.486
1787457123.16,AAA_ALK,1.357,2.8,N/A,1.427,1.7536,0.0,9.8,8.29,12.5,0.486
1787457125.24,AAA_ALK,1.357,2.8,N/A,1.427,1.7536,0.0,9.8,8.29,12.5,0.486
1787457127.29,AAA_ALK,1.357,2.8,N/A,1.427,1.7536,0.0,9.8,8.29,12.5,0.486
1787457129.34,AAA_ALK,1.357,2.8,N/A,1.427,1.7536,0.0,9.8,8.29,12.5,0.486
1787457131.39,AAA_ALK,1.357,2.8,N/A,1.427,1.7536,0.0,9.8,8.29,12.5,0.486
1787457133.45,AAA_ALK,1.357,2.8,N/A,1.427,1.7536,0.0,9.8,8.29,12.5,0.486
1787457135.49,AAA_ALK,1.357,2.8,N/A,1.427,1.7536,0.0,9.8,8.29,12.5,0.486
1787457137.53,AAA_ALK,1.357,2.8,N/A,1.427,1.7536,0.0,9.8,8.29,12.5,0.486
1787457139.61,AAA_ALK,1.357,2.8,N/A,1.427,1.7536,0.0,9.8,8.29,12.5,0.486
1787457141.7,AAA_ALK,1.357,2.8,N/A,1.427,1.7536,0.0,9.8,8.29,12.5,0.486
1787457143.75,AAA_ALK,1.357,2.8,N/A,1.427,1.7536,0.0,9.8,8.29,12.5,0.486
1787457145.79,AAA_ALK,1.357,2.8,N/A,1.427,1.7536,0.0,9.8,8.29,12.5,0.486
1787457147.87,AAA_ALK,1.357,2.8,N/A,1.427,1.7536,0.0,9.8,8.29,12.5,0.486
1787457149.92,AAA_ALK,1.357,2.8,N/A,1.427,1.7536,0.0,9.8,8.29,12.5,0.486
1787457151.96,AAA_ALK,1.357,2.8,N/A,1.427,1.7536,0.0,9.8,8.29,12.5,0.486
1787457154.0,AAA_ALK,1.357,2.8,N/A,1.427,1.7536,0.0,9.8,8.29,12.5,0.486
1787457156.18,AAA_ALK,1.357,2.8,N/A,1.427,1.7536,0.0,9.8,8.29,12.5,0.486
1787457158.52,AAA_ALK,1.357,2.8,N/A,1.427,1.7536,0.0,9.8,8.29,12.5,0.486
1787457160.71,AAA_ALK,1.357,2.8,N/A,1.427,1.7536,0.0,9.8,8.29,12.5,0.486
1787457162.87,AAA_ALK,1.357,2.8,N/A,1.427,1.7536,0.0,9.8,8.29,12.5,0.486
1787457165.06,AAA_ALK,1.357,2.8,N/A,1.427,1.7536,0.0,9.8,8.29,12.5,0.486
1787457167.18,AAA_ALK,1.357,2.8,N/A,1.427,1.7536,0.0,9.8,8.29,12.5,0.486
1787457169.36,AAA_ALK,1.357,2.8,N/A,1.427,1.7536,0.0,9.8,8.29,12.5,0.486
1787457171.54,AAA_ALK,1.357,2.8,N/A,1.427,1.7536,0.0,9.8,8.29,12.5,0.486
1787457173.76,AAA_ALK,1.357,2.8,N/A,1.427,1.7536,0.0,9.8,8.29,12.5,0.486
1787457175.95,AAA_ALK,1.357,2.8,N/A,1.427,1.7536,0.0,9.8,8.29,12.5,0.486
1787457178.17,AAA_ALK,1.357,2.8,N/A,1.427,1.7536,0.0,9.8,8.29,12.5,0.486
1787457180.46,AAA_ALK,1.357,2.8,N/A,1.427,1.7536,0.0,9.8,8.29,12.5,0.486
1787457182.84,AAA_ALK,1.357,2.8,N/A,1.427,1.7536,0.0,9.8,8.29,12.5,0.486
1787457185.15,AAA_ALK,1.357,2.8,N/A,1.427,1.7536,0.0,9.8,8.29,12.5,0.486
1787457187.28,AAA_ALK,1.357,2.8,N/A,1.427,1.7536,0.0,9.8,8.29,12.5,0.486
1787457189.42,AAA_ALK,1.357,2.8,N/A,1.427,1.7536,0.0,9.8,8.29,12.5,0.486
1787457191.51,AAA_ALK,1.357,2.8,N/A,1.427,1.7536,0.0,9.8,8.29,12.5,0.486
1787457193.72,AAA_ALK,1.357,2.8,N/A,1.427,1.7536,0.0,9.8,8.29,12.5,0.486
1787457195.93,AAA_ALK,1.357,2.8,N/A,1.427,1.7536,0.0,9.8,8.29,12.5,0.486
1787457198.08,AAA_ALK,1.357,2.8,N/A,1.427,1.7536,0.0,9.8,8.29,12.5,0.486
1787457200.39,AAA_ALK,1.357,2.8,N/A,1.427,1.7536,0.0,9.8,8.29,12.5,0.486
1787457202.5,AAA_ALK,1.357,2.8,N/A,1.427,1.7536,0.0,9.8,8.29,12.5,0.486
1787457204.64,AAA_ALK,1.357,2.8,N/A,1.427,1.7536,0.0,9.8,8.29,12.5,0.486
1787457206.73,AAA_ALK,1.357,2.8,N/A,1.427,1.7536,0.0,9.8,8.29,12.5,0.486
1787457208.79,AAA_ALK,1.357,2.8,N/A,1.427,1.7536,0.0,9.8,8.29,12.5,0.486
1787457210.91,AAA_ALK,1.357,2.8,N/A,1.427,1.7536,0.0,9.8,8.29,12.5,0.486
1787457213.01,AAA_ALK,1.357,2.8,N/A,1.427,1.7536,0.0,9.8,8.29,12.5,0.486
1787457215.13,AAA_ALK,1.357,2.8,N/A,1.427,1.7536,0.0,9.8,8.29,12.5,0.486
1787457217.24,AAA_ALK,1.357,2.8,N/A,1.427,1.7536,0.0,9.8,8.29,12.5,0.486
1787457219.5,AAA_ALK,1.357,2.8,N/A,1.427,1.7536,0.0,9.8,8.29,12.5,0.486
1787457221.67,AAA_ALK,1.357,2.8,N/A,1.427,1.7536,0.0,9.8,8.29,12.5,0.486
1787457223.87,AAA_ALK,1.357,2.8,N/A,1.427,1.7536,0.0,9.8,8.29,12.5,0.486
1787457226.06,AAA_ALK,1.357,2.8,N/A,1.427,1.7536,0.0,9.8,8.29,12.5,0.486
1787457228.2,AAA_ALK,1.357,2.8,N/A,1.427,1.7536,0.0,9.8,8.29,12.5,0.486
1787457230.63,AAA_ALK,1.357,2.8,N/A,1.427,1.7536,0.0,9.8,8.29,12.5,0.486
1787457232.94,AAA_ALK,1.357,2.8,N/A,1.427,1.7536,0.0,9.8,8.29,12.5,0.486
1787457235.09,AAA_ALK,1.357,2.8,N/A,1.427,1.7536,0.0,9.8,8.29,12.5,0.486
1787457237.55,AAA_ALK,1.357,2.8,N/A,1.427,1.7536,0.0,9.8,8.29,12.5,0.486
1787457239.79,AAA_ALK,1.357,2.8,N/A,1.427,1.7536,0.0,9.8,8.29,12.5,0.486
1787457241.96,AAA_ALK,1.357,2.8,N/A,1.427,1.7536,0.0,9.8,8.29,12.5,0.486
1787457244.14,AAA_ALK,1.357,2.8,N/A,1.427,1.7536,0.0,9.8,8.29,12.5,0.486
1787457246.32,AAA_ALK,1.357,2.8,N/A,1.427,1.7536,0.0,9.8,8.29,12.5,0.486
1787457248.53,AAA_ALK,1.357,2.8,N/A,1.427,1.7536,0.0,9.8,8.29,12.5,0.486
1787457250.7,AAA_ALK,1.357,2.8,N/A,1.427,1.7536,0.0,9.8,8.29,12.5,0.486
1787457252.84,AAA_ALK,1.357,2.8,N/A,1.427,1.7536,0.0,9.8,8.29,12.5,0.486
1787457255.07,AAA_ALK,1.357,2.8,N/A,1.427,1.7536,0.0,9.8,8.29,12.5,0.486
1787457257.16,AAA_ALK,1.357,2.8,N/A,1.427,1.7536,0.0,9.8,8.29,12.5,0.486
1787457259.25,AAA_ALK,1.357,2.8,N/A,1.427,1.7536,0.0,9.8,8.29,12.5,0.486
1787457261.4,AAA_ALK,1.357,2.8,N/A,1.427,1.7536,0.0,9.8,8.29,12.5,0.486
1787457263.51,AAA_ALK,1.357,2.8,N/A,1.427,1.7536,0.0,9.8,8.29,12.5,0.486
1787457265.67,AAA_ALK,1.357,2.8,N/A,1.427,1.7536,0.0,9.8,8.29,12.5,0.486
1787457267.78,AAA_ALK,1.357,2.8,N/A,1.427,1.7536,0.0,9.8,8.29,12.5,0.486
1787457269.91,AAA_ALK,1.357,2.8,N/A,1.427,1.7536,0.0,9.8,8.29,12.5,0.486
1787457272.02,AAA_ALK,1.357,2.8,N/A,1.427,1.7536,0.0,9.8,8.29,12.5,0.486
1787457274.14,AAA_ALK,1.357,2.8,N/A,1.427,1.7536,0.0,9.8,8.29,12.5,0.486
1787457276.24,AAA_ALK,1.357,2.8,N/A,1.427,1.7536,0.0,9.8,8.29,12.5,0.486
1787457278.42,AAA_ALK,1.357,2.8,N/A,1.427,1.7536,0.0,9.8,8.29,12.5,0.486
1787457280.57,AAA_ALK,1.357,2.8,N/A,1.427,1.7536,0.0,9.8,8.29,12.5,0.486
1787457282.81,AAA_ALK,1.357,2.8,N/A,1.427,1.7536,0.0,9.8,8.29,12.5,0.486
1787457284.98,AAA_ALK,1.357,2.8,N/A,1.427,1.7536,0.0,9.8,8.29,12.5,0.486
1787457287.11,AAA_ALK,1.357,2.8,N/A,1.427,1.7536,0.0,9.8,8.29,12.5,0.486
1787457289.33,AAA_ALK,1.357,2.8,N/A,1.427,1.7536,0.0,9.8,8.29,12.5,0.486
1787457291.72,AAA_ALK,1.357,2.8,N/A,1.427,1.7536,0.0,9.8,8.29,12.5,0.486
1787457293.91,AAA_ALK,1.357,2.8,N/A,1.427,1.7536,0.0,9.8,8.29,12.5,0.486
1787457296.19,AAA_ALK,1.357,2.8,N/A,1.427,1.7536,0.0,9.8,8.29,12.5,0.486
1787457298.48,AAA_ALK,1.357,2.8,N/A,1.427,1.7536,0.0,9.8,8.29,12.5,0.486
1787457300.63,AAA_ALK,1.357,2.8,N/A,1.427,1.7536,0.0,9.8,8.29,12.5,0.486
1787457302.78,AAA_ALK,1.357,2.8,N/A,1.427,1.7536,0.0,9.8,8.29,12.5,0.486
1787457304.95,AAA_ALK,1.357,2.8,N/A,1.427,1.7536,0.0,9.8,8.29,12.5,0.486
1787457307.12,AAA_ALK,1.357,2.8,N/A,1.427,1.7536,0.0,9.8,8.29,12.5,0.486
1787457309.29,AAA_ALK,1.357,2.8,N/A,1.427,1.7536,0.0,9.8,8.29,12.5,0.486
1787457311.93,AAA_ALK,1.357,2.8,N/A,1.427,1.7536,0.0,9.8,8.29,12.5,0.486
1787457314.85,AAA_ALK,1.357,2.8,N/A,1.427,1.7536,0.0,9.8,8.29,12.5,0.486
1787457317.35,AAA_ALK,1.357,2.8,N/A,1.427,1.7536,0.0,9.8,8.29,12.5,0.486
1787457319.64,AAA_ALK,1.357,2.8,N/A,1.427,1.7536,0.0,9.8,8.29,12.5,0.486
1787457321.97,AAA_ALK,1.357,2.8,N/A,1.427,1.7536,0.0,9.8,8.29,12.5,0.486
1787457324.11,AAA_ALK,1.357,2.8,N/A,1.427,1.7536,0.0,9.8,8.29,12.5,0.486
1787457326.34,AAA_ALK,1.357,2.8,N/A,1.427,1.7536,0.0,9.8,8.29,12.5,0.486
1787457328.79,AAA_ALK,1.357,2.8,N/A,1.427,1.7536,0.0,9.8,8.29,12.5,0.486
1787457331.29,AAA_ALK,1.357,2.8,N/A,1.427,1.7536,0.0,9.8,8.29,12.5,0.486
1787457333.61,AAA_ALK,1.357,2.8,N/A,1.427,1.7536,0.0,9.8,8.29,12.5,0.486
1787457335.81,AAA_ALK,1.357,2.8,N/A,1.427,1.7536,0.0,9.8,8.29,12.5,0.486
1787457337.95,AAA_ALK,1.357,2.8,N/A,1.427,1.7536,0.0,9.8,8.29,12.5,0.486
1787457340.2,AAA_ALK,1.357,2.8,N/A,1.427,1.7536,0.0,9.8,8.29,12.5,0.486
1787457342.37,AAA_ALK,1.357,2.8,N/A,1.427,1.7536,0.0,9.8,8.29,12.5,0.486
1787457344.55,AAA_ALK,1.357,2.8,N/A,1.427,1.7536,0.0,9.8,8.29,12.5,0.486
1787457346.73,AAA_ALK,1.357,2.8,N/A,1.427,1.7536,0.0,9.8,8.29,12.5,0.486
1787457348.94,AAA_ALK,1.357,2.8,N/A,1.427,1.7536,0.0,9.8,8.29,12.5,0.486
1787457350.26,AAA_ALK,1.357,2.8,N/A,1.427,1.7536,0.0,9.8,8.29,12.5,0.486
